{
  "test_summary": {
    "total_clients": 50,
    "total_time_seconds": 0.69,
    "total_requests": 350,
    "successful_requests": 150,
    "failed_requests": 200,
    "success_rate_percent": 42.86,
    "requests_per_second": 509.06
  },
  "response_time_analysis": {
    "average_ms": 471.63,
    "minimum_ms": 364.48,
    "maximum_ms": 603.93
  },
  "endpoint_analysis": {
    "/health": {
      "total": 50,
      "success": 50,
      "failed": 0,
      "response_times": [
        0.3768947124481201,
        0.3814058303833008,
        0.3794071674346924,
        0.5223000049591064,
        0.4413108825683594,
        0.3927040100097656,
        0.39467477798461914,
        0.43778038024902344,
        0.44279932975769043,
        0.45656514167785645,
        0.4962315559387207,
        0.4972267150878906,
        0.49863624572753906,
        0.4996509552001953,
        0.3644840717315674,
        0.3650085926055908,
        0.367020845413208,
        0.3690204620361328,
        0.37357091903686523,
        0.37523341178894043,
        0.38631534576416016,
        0.40971851348876953,
        0.41272735595703125,
        0.4152708053588867,
        0.42763710021972656,
        0.42312169075012207,
        0.4470791816711426,
        0.47118210792541504,
        0.47269749641418457,
        0.6017775535583496,
        0.4737205505371094,
        0.4987640380859375,
        0.5206480026245117,
        0.5226538181304932,
        0.5267002582550049,
        0.5297355651855469,
        0.5337767601013184,
        0.5533273220062256,
        0.5533194541931152,
        0.5709130764007568,
        0.5719165802001953,
        0.5709211826324463,
        0.5719678401947021,
        0.5716896057128906,
        0.572697639465332,
        0.573693037033081,
        0.4541664123535156,
        0.47192931175231934,
        0.49430274963378906,
        0.4963085651397705
      ],
      "status_codes": [
        200,
        200,
        200,
        200,
        200,
        200,
        200,
        200,
        200,
        200,
        200,
        200,
        200,
        200,
        200,
        200,
        200,
        200,
        200,
        200,
        200,
        200,
        200,
        200,
        200,
        200,
        200,
        200,
        200,
        200,
        200,
        200,
        200,
        200,
        200,
        200,
        200,
        200,
        200,
        200,
        200,
        200,
        200,
        200,
        200,
        200,
        200,
        200,
        200,
        200
      ],
      "avg_response_time": 0.4706520986557007,
      "min_response_time": 0.3644840717315674,
      "max_response_time": 0.6017775535583496,
      "success_rate": 100.0
    },
    "/health/detailed": {
      "total": 50,
      "success": 50,
      "failed": 0,
      "response_times": [
        0.3844113349914551,
        0.3784053325653076,
        0.3964955806732178,
        0.43477821350097656,
        0.3896675109863281,
        0.39469289779663086,
        0.4083702564239502,
        0.42589569091796875,
        0.4437892436981201,
        0.47012925148010254,
        0.49522852897644043,
        0.4972262382507324,
        0.49865293502807617,
        0.5071666240692139,
        0.36802053451538086,
        0.3660109043121338,
        0.36802029609680176,
        0.3700289726257324,
        0.3745603561401367,
        0.3803088665008545,
        0.38884973526000977,
        0.41071557998657227,
        0.428635835647583,
        0.4152688980102539,
        0.4187605381011963,
        0.44307398796081543,
        0.48271751403808594,
        0.4817192554473877,
        0.5997762680053711,
        0.603926420211792,
        0.4747200012207031,
        0.5007667541503906,
        0.5226500034332275,
        0.5236492156982422,
        0.5266983509063721,
        0.5417971611022949,
        0.5337603092193604,
        0.5543322563171387,
        0.5543246269226074,
        0.5851173400878906,
        0.5719165802001953,
        0.5831232070922852,
        0.5706913471221924,
        0.5706899166107178,
        0.5736978054046631,
        0.5119121074676514,
        0.44763755798339844,
        0.47392868995666504,
        0.49430274963378906,
        0.4973478317260742
      ],
      "status_codes": [
        200,
        200,
        200,
        200,
        200,
        200,
        200,
        200,
        200,
        200,
        200,
        200,
        200,
        200,
        200,
        200,
        200,
        200,
        200,
        200,
        200,
        200,
        200,
        200,
        200,
        200,
        200,
        200,
        200,
        200,
        200,
        200,
        200,
        200,
        200,
        200,
        200,
        200,
        200,
        200,
        200,
        200,
        200,
        200,
        200,
        200,
        200,
        200,
        200,
        200
      ],
      "avg_response_time": 0.47276734828948974,
      "min_response_time": 0.3660109043121338,
      "max_response_time": 0.603926420211792,
      "success_rate": 100.0
    },
    "/health/readiness": {
      "total": 50,
      "success": 0,
      "failed": 50,
      "response_times": [],
      "status_codes": [
        503,
        503,
        503,
        503,
        503,
        503,
        503,
        503,
        503,
        503,
        503,
        503,
        503,
        503,
        503,
        503,
        503,
        503,
        503,
        503,
        503,
        503,
        503,
        503,
        503,
        503,
        503,
        503,
        503,
        503,
        503,
        503,
        503,
        503,
        503,
        503,
        503,
        503,
        503,
        503,
        503,
        503,
        503,
        503,
        503,
        503,
        503,
        503,
        503,
        503
      ],
      "avg_response_time": 0,
      "min_response_time": 0,
      "max_response_time": 0,
      "success_rate": 0.0
    },
    "/health/liveness": {
      "total": 50,
      "success": 50,
      "failed": 0,
      "response_times": [
        0.38141393661499023,
        0.37639880180358887,
        0.45369672775268555,
        0.4786686897277832,
        0.3891608715057373,
        0.39676833152770996,
        0.4083549976348877,
        0.4407835006713867,
        0.44615960121154785,
        0.47112083435058594,
        0.4972267150878906,
        0.4982309341430664,
        0.4986555576324463,
        0.3644840717315674,
        0.36499691009521484,
        0.36601901054382324,
        0.36802244186401367,
        0.37156057357788086,
        0.3751399517059326,
        0.38530826568603516,
        0.40971851348876953,
        0.4117245674133301,
        0.4132673740386963,
        0.41826820373535156,
        0.42212820053100586,
        0.44408750534057617,
        0.48271751403808594,
        0.4817202091217041,
        0.6007795333862305,
        0.48023438453674316,
        0.4985203742980957,
        0.5206491947174072,
        0.5432837009429932,
        0.5412850379943848,
        0.5266983509063721,
        0.5327556133270264,
        0.5442807674407959,
        0.5533151626586914,
        0.5533273220062256,
        0.5709152221679688,
        0.5719201564788818,
        0.5709700584411621,
        0.5716896057128906,
        0.5716958045959473,
        0.574695348739624,
        0.4466381072998047,
        0.47493433952331543,
        0.5159542560577393,
        0.49530744552612305,
        0.498349666595459
      ],